{"meta": {"format": 3, "version": "7.10.1", "timestamp": "2025-07-31T16:32:01.326074", "branch_coverage": false, "show_contexts": false}, "files": {"/home/shubham/asish_workspace/python-sdk/src/keploy_agent/__init__.py": {"executed_lines": [1, 2, 3, 4, 5, 6, 10, 13, 14, 18, 20, 23, 28, 36, 42, 43, 44, 45, 46, 49, 50, 54, 56, 57, 58, 59, 60, 61, 91, 95, 96, 97, 98, 99, 100, 106, 107, 129, 140, 145, 146, 147, 152, 153, 154, 155, 156, 158, 159, 160, 161, 172, 175, 176, 178], "summary": {"covered_lines": 55, "num_statements": 101, "percent_covered": 54.45544554455446, "percent_covered_display": "54", "missing_lines": 46, "excluded_lines": 0}, "missing_lines": [47, 51, 52, 63, 64, 65, 69, 71, 72, 73, 75, 76, 77, 78, 80, 82, 85, 87, 88, 108, 109, 110, 111, 113, 114, 116, 121, 122, 123, 124, 125, 126, 131, 132, 133, 134, 135, 136, 137, 148, 149, 150, 163, 164, 166, 167], "excluded_lines": [], "functions": {"handle_control_request": {"executed_lines": [42, 43, 44, 45, 46, 49, 50, 54, 56, 57, 58, 59, 60, 61], "summary": {"covered_lines": 14, "num_statements": 33, "percent_covered": 42.42424242424242, "percent_covered_display": "42", "missing_lines": 19, "excluded_lines": 0}, "missing_lines": [47, 51, 52, 63, 64, 65, 69, 71, 72, 73, 75, 76, 77, 78, 80, 82, 85, 87, 88], "excluded_lines": []}, "report_coverage": {"executed_lines": [95, 96, 97, 98, 99, 100, 106, 107], "summary": {"covered_lines": 8, "num_statements": 21, "percent_covered": 38.095238095238095, "percent_covered_display": "38", "missing_lines": 13, "excluded_lines": 0}, "missing_lines": [108, 109, 110, 111, 113, 114, 116, 121, 122, 123, 124, 125, 126], "excluded_lines": []}, "send_to_data_socket": {"executed_lines": [], "summary": {"covered_lines": 0, "num_statements": 7, "percent_covered": 0.0, "percent_covered_display": "0", "missing_lines": 7, "excluded_lines": 0}, "missing_lines": [131, 132, 133, 134, 135, 136, 137], "excluded_lines": []}, "start_control_server": {"executed_lines": [145, 146, 147, 152, 153, 154, 155, 156, 158, 159, 160, 161], "summary": {"covered_lines": 12, "num_statements": 19, "percent_covered": 63.1578947368421, "percent_covered_display": "63", "missing_lines": 7, "excluded_lines": 0}, "missing_lines": [148, 149, 150, 163, 164, 166, 167], "excluded_lines": []}, "": {"executed_lines": [1, 2, 3, 4, 5, 6, 10, 13, 14, 18, 20, 23, 28, 36, 91, 129, 140, 172, 175, 176, 178], "summary": {"covered_lines": 21, "num_statements": 21, "percent_covered": 100.0, "percent_covered_display": "100", "missing_lines": 0, "excluded_lines": 0}, "missing_lines": [], "excluded_lines": []}}, "classes": {"": {"executed_lines": [1, 2, 3, 4, 5, 6, 10, 13, 14, 18, 20, 23, 28, 36, 42, 43, 44, 45, 46, 49, 50, 54, 56, 57, 58, 59, 60, 61, 91, 95, 96, 97, 98, 99, 100, 106, 107, 129, 140, 145, 146, 147, 152, 153, 154, 155, 156, 158, 159, 160, 161, 172, 175, 176, 178], "summary": {"covered_lines": 55, "num_statements": 101, "percent_covered": 54.45544554455446, "percent_covered_display": "54", "missing_lines": 46, "excluded_lines": 0}, "missing_lines": [47, 51, 52, 63, 64, 65, 69, 71, 72, 73, 75, 76, 77, 78, 80, 82, 85, 87, 88, 108, 109, 110, 111, 113, 114, 116, 121, 122, 123, 124, 125, 126, 131, 132, 133, 134, 135, 136, 137, 148, 149, 150, 163, 164, 166, 167], "excluded_lines": []}}}, "demo.py": {"executed_lines": [1, 3, 4, 10, 11, 12, 13, 14, 16, 19, 20, 21, 24, 37, 38, 41, 42, 43, 46, 47, 49, 52, 53, 56, 68, 69, 70, 81, 89, 90, 91, 92, 96, 97, 105, 107, 108, 109, 118, 119, 120, 125, 126], "summary": {"covered_lines": 43, "num_statements": 62, "percent_covered": 69.35483870967742, "percent_covered_display": "69", "missing_lines": 19, "excluded_lines": 0}, "missing_lines": [39, 44, 50, 54, 57, 58, 66, 71, 72, 73, 93, 94, 110, 111, 113, 114, 116, 121, 122], "excluded_lines": [], "functions": {"home": {"executed_lines": [], "summary": {"covered_lines": 0, "num_statements": 1, "percent_covered": 0.0, "percent_covered_display": "0", "missing_lines": 1, "excluded_lines": 0}, "missing_lines": [39], "excluded_lines": []}, "login": {"executed_lines": [43, 46, 47, 49, 52, 53, 56], "summary": {"covered_lines": 7, "num_statements": 13, "percent_covered": 53.84615384615385, "percent_covered_display": "54", "missing_lines": 6, "excluded_lines": 0}, "missing_lines": [44, 50, 54, 57, 58, 66], "excluded_lines": []}, "protected": {"executed_lines": [], "summary": {"covered_lines": 0, "num_statements": 3, "percent_covered": 0.0, "percent_covered_display": "0", "missing_lines": 3, "excluded_lines": 0}, "missing_lines": [71, 72, 73], "excluded_lines": []}, "create_data": {"executed_lines": [], "summary": {"covered_lines": 0, "num_statements": 5, "percent_covered": 0.0, "percent_covered_display": "0", "missing_lines": 5, "excluded_lines": 0}, "missing_lines": [110, 111, 113, 114, 116], "excluded_lines": []}, "get_data": {"executed_lines": [], "summary": {"covered_lines": 0, "num_statements": 2, "percent_covered": 0.0, "percent_covered_display": "0", "missing_lines": 2, "excluded_lines": 0}, "missing_lines": [121, 122], "excluded_lines": []}, "": {"executed_lines": [1, 3, 4, 10, 11, 12, 13, 14, 16, 19, 20, 21, 24, 37, 38, 41, 42, 68, 69, 70, 81, 89, 90, 91, 92, 96, 97, 105, 107, 108, 109, 118, 119, 120, 125, 126], "summary": {"covered_lines": 36, "num_statements": 38, "percent_covered": 94.73684210526316, "percent_covered_display": "95", "missing_lines": 2, "excluded_lines": 0}, "missing_lines": [93, 94], "excluded_lines": []}}, "classes": {"": {"executed_lines": [1, 3, 4, 10, 11, 12, 13, 14, 16, 19, 20, 21, 24, 37, 38, 41, 42, 43, 46, 47, 49, 52, 53, 56, 68, 69, 70, 81, 89, 90, 91, 92, 96, 97, 105, 107, 108, 109, 118, 119, 120, 125, 126], "summary": {"covered_lines": 43, "num_statements": 62, "percent_covered": 69.35483870967742, "percent_covered_display": "69", "missing_lines": 19, "excluded_lines": 0}, "missing_lines": [39, 44, 50, 54, 57, 58, 66, 71, 72, 73, 93, 94, 110, 111, 113, 114, 116, 121, 122], "excluded_lines": []}}}}, "totals": {"covered_lines": 98, "num_statements": 163, "percent_covered": 60.122699386503065, "percent_covered_display": "60", "missing_lines": 65, "excluded_lines": 0}}